USE torneo_futbol;

INSERT INTO responsables_equipos (nombre, apellido, dni, fecha_nacimiento, email, telefono) VALUES
('Juan','Perez',30100101,'1980-01-10','juan_perez@torneo.com','1145872391'),
('Carlos','Gomez',30100102,'1981-02-11','carlos_gomez@torneo.com','1161238045'),
('Luis','Diaz',30100103,'1982-03-12','luis_diaz@torneo.com','2614987721'),
('Pedro','Lopez',30100104,'1983-04-13','pedro_lopez@torneo.com','3415561904'),
('Mario','Suarez',30100105,'1984-05-14','mario_suarez@torneo.com','3516428830'),
('Diego','Fernandez',30100106,'1985-06-15','diego_fernandez@torneo.com','2215093176'),
('Pablo','Torres',30100107,'1986-07-16','pablo_torres@torneo.com','3814329602'),
('Nicolas','Ramos',30100108,'1987-08-17','nicolas_ramos@torneo.com','3884571189'),
('Sergio','Castro',30100109,'1988-09-18','sergio_castro@torneo.com','2995017744'),
('Martin','Vega',30100110,'1989-10-19','martin_vega@torneo.com','3624896508');

INSERT INTO equipos (id_responsable, nombre) VALUES
(1,'Leones'),
(2,'Tigres'),
(3,'Halcones'),
(4,'Pumas'),
(5,'Lobos'),
(6,'Toros'),
(7,'Águilas'),
(8,'Panteras'),
(9,'Cóndores'),
(10,'Dragones');

INSERT INTO jugadores (nombre,apellido,dni,fecha_nacimiento,posicion,numero_camiseta, id_equipo) VALUES
('Juan','Pérez',27338347,'2005-06-29','Arquero',85,1),
('Carlos','Gómez',23591500,'2011-05-13','Arquero',80,1),
('Luis','Fernández',34570018,'1995-02-12','Defensa',94,1),
('Pedro','López',39647961,'1987-04-22','Defensa',98,1),
('Mario','Rodríguez',41750903,'1986-01-08','Defensa',82,1),
('Diego','Martínez',48540332,'1996-10-06','Defensa',30,1),
('Pablo','Sánchez',38570881,'2008-02-06','Mediocampista',61,1),
('Nicolás','Romero',26357332,'1988-09-21','Mediocampista',64,1),
('Sergio','Torres',24634624,'1981-01-07','Mediocampista',23,1),
('Martín','Ruiz',30948202,'1997-04-28','Mediocampista',78,1),
('Andrés','Álvarez',30288082,'2005-05-28','Mediocampista',90,1),
('Federico','Morales',47141847,'1980-04-21','Delantero',16,1),
('Javier','Herrera',40101436,'1992-11-18','Delantero',13,1),
('Sebastián','Castro',25491703,'2011-07-31','Delantero',73,1),
('Gonzalo','Ortiz',45781726,'2002-09-13','Delantero',4,1),
('Lucas','Silva',36027224,'1997-09-27','Arquero',74,2),
('Matías','Rojas',46418633,'1980-10-20','Arquero',7,2),
('Agustín','Benítez',33504465,'2006-06-23','Defensa',14,2),
('Franco','Medina',48892147,'2003-02-05','Defensa',52,2),
('Emiliano','Arias',33826535,'1995-05-21','Defensa',26,2),
('Facundo','Acosta',49224780,'2001-06-24','Defensa',29,2),
('Ramiro','Navarro',26167833,'2009-10-29','Mediocampista',23,2),
('Leandro','Molina',21952294,'1997-01-05','Mediocampista',69,2),
('Iván','Domínguez',40478154,'2005-04-18','Mediocampista',84,2),
('Bruno','Cabrera',44157808,'1992-06-14','Mediocampista',41,2),
('Tomás','Vega',46976605,'1996-12-29','Mediocampista',64,2),
('Alejandro','Paz',28867668,'1993-06-19','Delantero',49,2),
('Mariano','Figueroa',28813819,'1993-01-06','Delantero',85,2),
('Hernán','Peralta',39377980,'1995-12-29','Delantero',44,2),
('Cristian','Godoy',26207347,'2009-02-09','Delantero',14,2),
('Ricardo','Correa',37086343,'1987-12-13','Arquero',47,3),
('Daniel','Luna',39398792,'2010-03-01','Arquero',11,3),
('Ezequiel','Campos',22607289,'1996-11-26','Defensa',43,3),
('Nahuel','Reyes',49740285,'2006-07-10','Defensa',75,3),
('Guillermo','Ibarra',23012560,'1993-04-24','Defensa',22,3),
('Ignacio','Flores',41037751,'2006-02-21','Defensa',41,3),
('Manuel','Roldán',47172414,'2004-01-23','Mediocampista',91,3),
('Jonathan','Miranda',45302544,'1986-02-20','Mediocampista',26,3),
('Esteban','Ponce',35408332,'1996-05-22','Mediocampista',59,3),
('Axel','Escobar',43267717,'1992-04-08','Mediocampista',24,3),
('Rodrigo','Vázquez',31713641,'1984-01-16','Mediocampista',0,3),
('Alan','Quiroga',22357048,'1986-02-28','Delantero',13,3),
('Maximiliano','Ferreyra',29698662,'1995-05-05','Delantero',62,3),
('Luciano','Sosa',28546115,'1984-08-14','Delantero',95,3),
('Adrián','Villalba',22415053,'1980-06-11','Delantero',66,3),
('Walter','Ojeda',32965019,'2002-10-29','Arquero',77,4),
('Marcos','Bravo',45379048,'2005-02-11','Arquero',46,4),
('Cristóbal','Toledo',29535627,'1986-08-29','Defensa',92,4),
('Christian','Aguirre',43738295,'2003-10-07','Defensa',95,4),
('Patricio','Giménez',45253339,'1996-02-09','Defensa',51,4),
('Hugo','Méndez',38036442,'1995-12-15','Defensa',86,4),
('Claudio','Cortés',31113399,'1984-11-25','Mediocampista',2,4),
('Rubén','Valdez',46224927,'1988-12-14','Mediocampista',38,4),
('Pablo','Ledesma',48391424,'1983-12-20','Mediocampista',39,4),
('Fabián','Núñez',48440839,'1984-02-19','Mediocampista',10,4),
('Oscar','Coronel',33677370,'1988-02-28','Mediocampista',57,4),
('Raúl','Salinas',22045611,'1986-03-06','Delantero',25,4),
('Mauricio','Bustos',36405041,'1984-06-13','Delantero',41,4),
('Horacio','Gallardo',42648577,'1983-08-02','Delantero',8,4),
('Víctor','Cáceres',31058102,'1998-11-03','Delantero',32,4),
('Alberto','Páez',26565730,'1982-12-07','Arquero',41,5),
('Edgardo','Serrano',24053283,'1986-05-06','Arquero',59,5),
('Fernando','Montoya',37885772,'1982-09-15','Defensa',59,5),
('Joaquín','Cardozo',22695407,'2009-02-17','Defensa',32,5),
('Álvaro','Barrios',20666679,'2008-03-03','Defensa',82,5),
('Damián','Franco',49467351,'1995-01-11','Defensa',57,5),
('Simón','Mansilla',37901658,'1996-04-21','Mediocampista',64,5),
('Kevin','Córdoba',42239883,'1997-01-08','Mediocampista',44,5),
('Brian','Leiva',38406433,'1990-11-10','Mediocampista',26,5),
('Matías','Villagra',44062823,'1983-08-18','Mediocampista',64,5),
('Alexis','Suárez',47959623,'2000-08-17','Mediocampista',74,5),
('Gastón','Zárate',30596248,'1995-04-21','Delantero',70,5),
('Leonardo','Arce',38937459,'1988-09-10','Delantero',47,5),
('Cristopher','Muñoz',33903902,'1994-04-20','Delantero',96,5),
('Santiago','Paredes',46457256,'2006-08-09','Delantero',38,5),
('Facundo','Lencina',38203083,'1999-02-09','Arquero',21,6),
('Emanuel','Ayala',45172723,'1985-03-04','Arquero',65,6),
('Julio','Báez',29269252,'1996-09-21','Defensa',24,6),
('César','Oliva',44663856,'2002-09-28','Defensa',72,6),
('Roberto','Moyano',28864542,'1983-10-04','Defensa',78,6),
('Nelson','Cano',44085963,'1982-12-11','Defensa',63,6),
('Miguel','Rivero',41233685,'1982-06-18','Mediocampista',79,6),
('Ariel','Carrizo',46428366,'1993-11-04','Mediocampista',35,6),
('Lautaro','Nieto',43738238,'1987-05-17','Mediocampista',8,6),
('Ulises','Funes',23169464,'2007-04-29','Mediocampista',64,6),
('Renzo','Riquelme',34593298,'1990-02-24','Mediocampista',16,6),
('Benjamín','Poblete',45162138,'2002-11-20','Delantero',38,6),
('Thiago','Sepúlveda',43147084,'1991-03-11','Delantero',40,6),
('Valentín','Delgado',35488955,'2008-01-20','Delantero',25,6),
('Francesco','Rinaldi',27544439,'2011-12-01','Delantero',61,6),
('Enzo','Ferrari',25797869,'1995-12-05','Arquero',89,7),
('Matheo','Bianchi',41558624,'2004-04-11','Arquero',40,7),
('Gino','Moretti',21138962,'1986-09-10','Defensa',77,7),
('Paolo','Ricci',28836342,'1999-09-30','Defensa',50,7),
('Dylan','Almada',39039055,'1988-11-17','Defensa',99,7),
('Kevin','Patiño',35797845,'1998-02-02','Defensa',3,7),
('Jonathan','Valenzuela',31775010,'1991-10-06','Mediocampista',12,7),
('Cristian','Saavedra',30353823,'1987-05-26','Mediocampista',57,7),
('Rodrigo','Latorre',39257870,'1999-05-24','Mediocampista',81,7),
('Néstor','Cuello',31422283,'2001-06-18','Mediocampista',82,7),
('Guido','Santillán',28235823,'2008-12-28','Mediocampista',46,7),
('Brayan','Ponce',35165670,'2002-04-11','Delantero',44,7),
('Jesús','Moreno',38302635,'1989-02-16','Delantero',32,7),
('Ernesto','Prieto',28364121,'2002-08-18','Delantero',55,7),
('Samuel','Campos',43785230,'1981-01-20','Delantero',79,7),
('Tomás','Ibáñez',42306838,'2006-05-09','Arquero',34,8),
('Lucas','Quinteros',20876612,'2000-10-22','Arquero',73,8),
('Ramón','Bermúdez',47921793,'1981-10-05','Defensa',78,8),
('Marcelo','Tevez',38204939,'1989-01-25','Defensa',8,8),
('Félix','Andrada',28069470,'1991-03-29','Defensa',24,8),
('Ricardo','Cámpora',41160293,'1997-04-28','Defensa',20,8),
('Julian','Casas',33795797,'2011-12-26','Mediocampista',15,8),
('Matías','Insúa',49371168,'2011-04-20','Mediocampista',25,8),
('Santino','Palacios',22211164,'2003-03-04','Mediocampista',47,8),
('Elias','Frías',29658086,'1985-02-05','Mediocampista',3,8),
('Iván','Tapia',32143336,'2003-12-21','Mediocampista',22,8),
('Gaspar','Ramos',47362055,'1988-09-25','Delantero',11,8),
('Nicolás','Bustamante',22948942,'1990-04-11','Delantero',32,8),
('León','Salvatierra',31036045,'1989-12-09','Delantero',99,8),
('Thierry','Fontana',26626169,'1995-07-21','Delantero',17,8),
('Alan','Montes',25259690,'1987-05-16','Arquero',48,9),
('Jorge','Pineda',37789083,'2009-11-06','Arquero',58,9),
('Oscar','Vallejos',38152601,'1994-06-02','Defensa',93,9),
('Darío','Santana',32628768,'2001-03-04','Defensa',30,9),
('Piero','Lombardi',29803832,'1980-05-05','Defensa',20,9),
('Bruno','Marquez',46152416,'1991-10-15','Defensa',11,9),
('Estanislao','Acuña',42818393,'2000-08-03','Mediocampista',35,9),
('Felipe','Zamora',22501369,'1985-07-27','Mediocampista',11,9),
('Ramiro','Carballo',47961978,'1996-05-15','Mediocampista',54,9),
('Héctor','Farias',24025395,'1999-03-26','Mediocampista',65,9),
('Cristóbal','Villafañe',31050164,'2007-07-09','Mediocampista',89,9),
('Efraín','Lucero',21106365,'1990-06-14','Delantero',94,9),
('Adolfo','Ríos',43281186,'1982-08-22','Delantero',51,9),
('Bautista','Corvalán',45103897,'2007-09-04','Delantero',54,9),
('Teo','Sambucetti',33645655,'1996-03-12','Delantero',16,9),
('Franco','Spinelli',44128774,'2007-08-25','Arquero',99,10),
('Milton','Velázquez',22222699,'1997-03-21','Arquero',41,10),
('Lisandro','Albornoz',49114879,'1989-09-06','Defensa',56,10),
('Noah','Perdomo',38107561,'1983-03-11','Defensa',58,10),
('Elías','Barone',39333485,'2011-12-24','Defensa',43,10),
('Simón','Cifuentes',37996176,'1999-07-16','Defensa',46,10),
('Emilio','Pérez',20534278,'2004-06-03','Mediocampista',98,10),
('Carlos','González',40312859,'1993-03-15','Mediocampista',24,10),
('Lucas','Fernández',20649111,'2006-11-29','Mediocampista',53,10),
('Martín','Rodríguez',29100596,'1998-09-14','Mediocampista',52,10),
('Nicolás','López',44545549,'1999-12-07','Mediocampista',12,10),
('Diego','Martínez',26235277,'1988-04-02','Delantero',4,10),
('Pablo','García',23737361,'1989-11-03','Delantero',85,10),
('Federico','Suárez',27320373,'1989-04-06','Delantero',84,10),
('Matías','Romero',26083343,'2011-11-21','Delantero',27,10);

INSERT INTO arbitros (nombre,apellido,email,telefono) VALUES
('Roberto','Rios','roberto_rios@torneo.com','1173945826'),
('Miguel','Luna','miguel_luna@torneo.com','2236014489'),
('Oscar','Mendez','oscar_mendez@torneo.com','2665129037'),
('Hector','Silva','hector_silva@torneo.com','29204871562'),
('Raul','Navarro','raul_navarro@torneo.com','3704987714');

INSERT INTO canchas (nombre,direccion,telefono,email) VALUES
('Cancha Norte','Av. Cabildo 4200','1153427816','c_norte@cancha.com'),
('Cancha Sur','Av. Almirante Brown 1350','1162094453','c_sur@cancha.com'),
('Cancha Este','Juana Manso 1100','1148719062','c_este@cancha.com'),
('Cancha Oeste','Av. San Martín 6100','1171283394','c_oeste@cancha.com'),
('Cancha Central','Av. Corrientes 850','1165902147','c_central@cancha.com');

INSERT INTO reservas_canchas (id_cancha, nro_reserva, fecha_reserva, precio) VALUES
(1, 'A9F3K2Q', '2025-02-01', 45000),
(1, 'Z7M8LQ4', '2025-02-01', 52000),
(2, 'P3X9R2A', '2025-02-03', 48000),
(2, 'K8W1MZ7', '2025-02-03', 60000),
(4, 'Q5A7N9L', '2025-02-06', 43000),
(4, 'R2Z8K4P', '2025-02-06', 57000),
(3, 'M9A3QX2', '2025-02-08', 49000),
(3, 'L7P5ZK8', '2025-02-08', 54000),
(1, 'X2R9A4M', '2025-02-10', 41000),
(1, 'W8K7P2L', '2025-02-10', 58000),
(2, 'A3M9Z7Q', '2025-02-12', 46000),
(4, 'P8X2L9R', '2025-02-12', 50000),
(1, 'Z4KQ7A2', '2025-02-15', 59000),
(1, 'M3W8R9P', '2026-02-01', 44000),
(1, 'Q9Z2K7L', '2026-02-01', 56000),
(2, 'A7M8X3P', '2026-02-03', 47000),
(2, 'R4L9Z2Q', '2026-02-03', 53000),
(4, 'K8P7M3A', '2026-02-06', 42000),
(4, 'Z9X2LQ4', '2026-02-06', 60000),
(3, 'M7P3A8R', '2026-02-08', 49000),
(3, 'Q4Z9K2L', '2026-02-08', 55000),
(3, 'X8A3M7P', '2026-02-10', 46000),
(3, 'R9LQ2K7', '2026-02-10', 58000);

INSERT INTO categorias (nombre) VALUES
('Sub18'),
('Sub21');

INSERT INTO torneos (id_categoria,nombre,fecha_inicio,fecha_final,estado) VALUES
(1,'Apertura Sub18','2025-02-01','2025-03-01',0),
(2,'Apertura Sub21','2026-02-01',NULL,1);

INSERT INTO inscripciones (id_equipo, id_torneo, fecha_inscripcion, pago) VALUES
(1, 1, '2025-01-10', 72000),
(2, 1, '2025-01-10', 72000),
(3, 1, '2025-01-10', 72000),
(4, 1, '2025-01-10', 72000),
(5, 1, '2025-01-10', 72000),
(6, 2, '2026-01-10', 80000),
(7, 2, '2026-01-10', 80000),
(8, 2, '2026-01-10', 80000),
(9, 2, '2026-01-10', 80000),
(10, 2, '2026-01-10', 80000);

INSERT INTO fases (nombre) VALUES
('Grupos'),
('Semifinal'),
('Final');

INSERT INTO partidos (id_fase, id_equipo_local, id_equipo_visitante, id_cancha, id_reserva, id_arbitro, id_torneo, fecha, hora) VALUES
(1, 1, 2, 1, 1, 1, 1, '2025-02-01', '12:00'),
(1, 3, 4, 1, 2, 1, 1, '2025-02-01', '17:00'),
(1, 1, 3, 2, 3, 2, 1, '2025-02-03', '12:00'),
(1, 5, 2, 2, 4, 2, 1, '2025-02-03', '17:00'),
(1, 1, 4, 4, 5, 4, 1, '2025-02-06', '12:00'),
(1, 5, 3, 4, 6, 4, 1, '2025-02-06', '17:00'),
(1, 1, 5, 3, 7, 3, 1, '2025-02-08', '12:00'),
(1, 4, 2, 3, 8, 3, 1, '2025-02-08', '17:00'),
(1, 2, 3, 1, 9, 3, 1, '2025-02-10', '12:00'),
(1, 4, 5, 1, 10, 3, 1, '2025-02-10', '17:00'),
(2, 2, 5, 2, 11, 2, 1, '2025-02-12', '12:00'),
(2, 2, 4, 4, 12, 3, 1, '2025-02-12', '17:00'),
(3, 5, 2, 1, 13, 4, 1, '2025-02-15', '17:00'),
(1, 6, 7, 1, 14, 1, 2, '2026-02-01', '12:00'),
(1, 8, 9, 1, 15, 1, 2, '2026-02-01', '17:00'),
(1, 6, 8, 2, 16, 2, 2, '2026-02-03', '12:00'),
(1, 10, 7, 2, 17, 2, 2, '2026-02-03', '17:00'),
(1, 6, 9, 4, 18, 4, 2, '2026-02-06', '12:00'),
(1, 10, 8, 4, 19, 4, 2, '2026-02-06', '17:00'),
(1, 6, 10, 3, 20, 3, 2, '2026-02-08', '12:00'),
(1, 9, 7, 3, 21, 3, 2, '2026-02-08', '17:00'),
(1, 7, 8, 1, 22, 3, 2, '2026-02-10', '12:00'),
(1, 9, 10, 1, 23, 3, 2, '2026-02-10', '17:00');

INSERT INTO resultado_partidos (id_partido, id_figura_partido, goles_local, goles_visitante, goles_penales_local, goles_penales_visitante, ganador, decidido_penales) VALUES
(1, 4, 2, 1, NULL, NULL, 'L', FALSE),
(2, 12, 0, 0, NULL, NULL, '0', FALSE),
(3, 12, 1, 3, NULL, NULL, 'V', FALSE),
(4, 8, 2, 2, NULL, NULL, '0', FALSE),
(5, 4, 3, 0, NULL, NULL, 'L', FALSE),
(6, 12, 1, 2, NULL, NULL, 'V', FALSE),
(7, 4, 2, 1, NULL, NULL, 'L', FALSE),
(8, 8, 0, 1, NULL, NULL, 'V', FALSE),
(9, 8, 1, 1, NULL, NULL, '0', FALSE),
(10, 22, 2, 3, NULL, NULL,'V', FALSE),
(11, 8, 1, 1, 3, 4, 'V', TRUE),
(12, 8, 2, 1, NULL, NULL, 'L', FALSE),
(13, 8, 0, 0, 2, 3, '0', TRUE);

INSERT INTO goles (id_partido, id_jugador, tipo, tiempo_min) VALUES
(1, 12, FALSE, 23),
(1, 12, FALSE, 67),
(1, 27, FALSE, 73),
(3, 14, FALSE, 2),
(3, 44, FALSE, 15),
(3, 44, FALSE, 17),
(3, 44, FALSE, 36),
(4, 74, FALSE, 31),
(4, 75, FALSE, 40),
(4, 27, FALSE, 51),
(4, 27, FALSE, 76),
(5, 13, FALSE, 12),
(5, 13, FALSE, 32),
(5, 13, FALSE, 70),
(6, 74, FALSE, 34),
(6, 44, FALSE, 36),
(6, 45, FALSE, 73),
(7, 12, TRUE, 12),
(7, 75, TRUE, 35),
(7, 74, TRUE, 36),
(8, 27, FALSE, 33),
(9, 27, FALSE, 27),
(9, 44, FALSE, 51),
(10, 59, FALSE, 12),
(10, 59, FALSE, 17),
(10, 74, FALSE, 25),
(10, 75, FALSE, 33),
(10, 75, FALSE, 65),
(11, 29, FALSE, 22),
(11, 59, FALSE, 44),
(11, 30, TRUE, 22),
(11, 73, TRUE, 44),
(11, 29, TRUE, 22),
(11, 75, TRUE, 44),
(11, 28, TRUE, 22),
(12, 27, TRUE, 29),
(12, 28, FALSE, 58),
(12, 59, FALSE, 74),
(12, 75, TRUE, 29),
(12, 30, TRUE, 58),
(12, 73, TRUE, 74),
(12, 27, TRUE, 29),
(12, 28, TRUE, 58);

INSERT INTO tarjetas (id_jugador, id_partido, id_arbitro, tipo_tarjeta, tiempo_min) VALUES
(21, 1, 1, 'A', 34),
(11, 1, 1, 'A', 62),
(31, 2, 1, 'A', 48),
(30, 3, 2, 'A', 27),
(33, 3, 2, 'A', 71),
(14, 4, 2, 'A', 19),
(42, 4, 2, 'A', 66),
(15, 4, 2, 'A', 82),
(17, 5, 3, 'A', 41),
(60, 6, 3, 'A', 29),
(62, 6, 3, 'A', 75),
(71, 7, 3, 'A', 44),
(72, 7, 3, 'R', 88),
(80, 8, 3, 'A', 67),
(90, 9, 3, 'A', 52),
(91, 9, 3, 'A', 77),
(104, 10, 3, 'A', 33),
(105, 10, 3, 'A', 58),
(102, 10, 3, 'R', 90),
(111, 11, 2, 'A', 39),
(112, 11, 2, 'A', 73),
(121, 12, 2, 'A', 21);
